Date,Product,Category,Quantity,Price,Total_Sales,Region
2026-01-05,Laptop,Electronics,2,55000,110000,North
2026-01-07,Mouse,Electronics,5,800,4000,West
2026-01-10,Chair,Furniture,3,4500,13500,South
2026-01-12,Keyboard,Electronics,4,1500,6000,East
2026-01-15,Desk,Furniture,2,8500,17000,North
2026-01-18,Monitor,Electronics,3,18000,54000,West
2026-01-20,Notebook,Stationery,10,120,1200,South
2026-01-22,Pen,Stationery,25,20,500,East
2026-01-25,Printer,Electronics,2,12000,24000,North
2026-01-28,Table,Furniture,4,6000,24000,West
2026-02-02,Laptop,Electronics,1,55000,55000,South
2026-02-05,Mouse,Electronics,8,800,6400,East
2026-02-08,Chair,Furniture,5,4500,22500,North
2026-02-11,Keyboard,Electronics,6,1500,9000,West
2026-02-14,Desk,Furniture,3,8500,25500,South
2026-02-17,Monitor,Electronics,2,18000,36000,East
2026-02-20,Notebook,Stationery,15,120,1800,North
2026-02-23,Pen,Stationery,30,20,600,West
2026-02-26,Printer,Electronics,1,12000,12000,South
2026-03-01,Table,Furniture,2,6000,12000,East
2026-03-04,Laptop,Electronics,3,55000,165000,North
2026-03-07,Mouse,Electronics,10,800,8000,West
2026-03-10,Chair,Furniture,2,4500,9000,South
2026-03-13,Keyboard,Electronics,5,1500,7500,East
2026-03-16,Desk,Furniture,1,8500,8500,North
2026-03-19,Monitor,Electronics,4,18000,72000,West
2026-03-22,Notebook,Stationery,20,120,2400,South
2026-03-25,Pen,Stationery,40,20,800,East
2026-03-28,Printer,Electronics,2,12000,24000,North
2026-03-30,Table,Furniture,3,6000,18000,West